Design,Protocol,Length,Seed,Helicity,Target_Hotspot,Sequence,InterfaceResidues,pLDDT,pTM,i_pTM,pAE,i_pAE,i_pLDDT,ss_pLDDT,Unrelaxed_Clashes,Relaxed_Clashes,Binder_Energy_Score,Surface_Hydrophobicity,ShapeComplementarity,PackStat,dG,dSASA,dG/dSASA,Interface_SASA_%,Interface_Hydrophobicity,n_InterfaceResidues,n_InterfaceHbonds,InterfaceHbondsPercentage,n_InterfaceUnsatHbonds,InterfaceUnsatHbondsPercentage,Interface_Helix%,Interface_BetaSheet%,Interface_Loop%,Binder_Helix%,Binder_BetaSheet%,Binder_Loop%,InterfaceAAs,Target_RMSD,TrajectoryTime,Notes,TargetSettings,Filters,AdvancedSettings
AIP_TNF_l8_s702393,4stage,8,702393,-0.3,"A77,A82,A104,A108,A143,A145,A147",PPEVITPP,"B2,B3,B4,B5,B6,B7,B8",0.75,0.88,0.75,0.27,0.24,0.8,0.85,4,0,-27.79,0.75,0.81,0.59,-26.48,735.5,-3.6,101.51,71.43,7,3,42.86,0.0,0.0,0.0,40.0,60.0,0.0,25.0,75.0,"{'A': 0, 'C': 0, 'D': 0, 'E': 1, 'F': 0, 'G': 0, 'H': 0, 'I': 1, 'K': 0, 'L': 0, 'M': 0, 'N': 0, 'P': 3, 'Q': 0, 'R': 0, 'S': 0, 'T': 1, 'V': 1, 'W': 0, 'Y': 0}",1.01,"0 hours, 18 minutes, 37 seconds","Absorption value is 0.0, consider adding tryptophane to design.",AIP_TNF,peptide_filters,default_4stage_multimer
AIP_TNF_l17_s684764,4stage,17,684764,-0.3,"A77,A82,A104,A108,A143,A145,A147",GIKAMDWRKKGKWVELH,"B1,B2,B3,B4,B5,B13",0.78,0.88,0.69,0.31,0.3,0.79,0.84,0,0,-36.39,0.53,0.83,0.61,-27.14,753.98,-3.6,45.88,66.67,6,2,33.33,0.0,0.0,0.0,66.67,33.33,0.0,47.06,52.94,"{'A': 1, 'C': 0, 'D': 0, 'E': 0, 'F': 0, 'G': 1, 'H': 0, 'I': 1, 'K': 1, 'L': 0, 'M': 1, 'N': 0, 'P': 0, 'Q': 0, 'R': 0, 'S': 0, 'T': 0, 'V': 0, 'W': 1, 'Y': 0}",0.97,"0 hours, 21 minutes, 47 seconds",,AIP_TNF,peptide_filters,default_4stage_multimer
AIP_TNF_l10_s729000,4stage,10,729000,-0.3,"A77,A82,A104,A108,A143,A145,A147",VTEWPGIKHY,"B1,B2,B4,B5,B6,B7,B8,B9,B10",0.86,0.89,0.84,0.18,0.15,0.86,0,1,0,-24.74,0.56,0.78,0.55,-40.61,992.11,-4.09,127.38,55.56,9,7,77.78,1.0,11.11,0.0,0.0,100.0,0.0,0.0,100.0,"{'A': 0, 'C': 0, 'D': 0, 'E': 0, 'F': 0, 'G': 1, 'H': 1, 'I': 1, 'K': 1, 'L': 0, 'M': 0, 'N': 0, 'P': 1, 'Q': 0, 'R': 0, 'S': 0, 'T': 1, 'V': 1, 'W': 1, 'Y': 1}",0.99,"0 hours, 19 minutes, 26 seconds",,AIP_TNF,peptide_filters,default_4stage_multimer
AIP_TNF_l19_s921908,4stage,19,921908,-0.3,"A77,A82,A104,A108,A143,A145,A147",SMMAWRVNEQYQLEWTEVP,"B2,B3,B4,B5,B6,B7,B8,B9,B11,B13,B15,B18,B19",0.88,0.89,0.86,0.17,0.15,0.9,0.92,2,0,-61.56,0.53,0.79,0.62,-39.76,1016.01,-3.91,70.87,76.92,13,2,15.38,0.0,0.0,0.0,77.78,22.22,0.0,63.16,36.84,"{'A': 1, 'C': 0, 'D': 0, 'E': 1, 'F': 0, 'G': 0, 'H': 0, 'I': 0, 'K': 0, 'L': 1, 'M': 2, 'N': 1, 'P': 1, 'Q': 0, 'R': 1, 'S': 0, 'T': 0, 'V': 2, 'W': 2, 'Y': 1}",1.01,"0 hours, 22 minutes, 14 seconds",,AIP_TNF,peptide_filters,default_4stage_multimer
AIP_TNF_l19_s594889,4stage,19,594889,-0.3,"A77,A82,A104,A108,A143,A145,A147",AVYALKKDPKTGGPKWVEI,"B1,B2,B3,B4,B5,B6,B7,B8,B12,B13,B14,B15,B16,B19",0.91,0.89,0.87,0.17,0.13,0.92,0.93,1,0,-56.2,0.63,0.79,0.6,-32.54,980.66,-3.32,68.59,57.14,14,2,14.29,1.0,7.14,0.0,80.0,20.0,0.0,57.89,42.11,"{'A': 2, 'C': 0, 'D': 1, 'E': 0, 'F': 0, 'G': 2, 'H': 0, 'I': 1, 'K': 3, 'L': 1, 'M': 0, 'N': 0, 'P': 1, 'Q': 0, 'R': 0, 'S': 0, 'T': 0, 'V': 1, 'W': 1, 'Y': 1}",0.94,"0 hours, 22 minutes, 6 seconds",,AIP_TNF,peptide_filters,default_4stage_multimer
AIP_TNF_l19_s770876,4stage,19,770876,-0.3,"A77,A82,A104,A108,A143,A145,A147",ERVYTLEDHIMMMQGKEPP,"B1,B2,B3,B4,B5,B6,B7,B9,B10,B13",0.77,0.87,0.7,0.25,0.22,0.8,0.82,1,0,-44.84,0.53,0.69,0.63,-34.6,1029.49,-3.36,80.31,50.0,10,4,40.0,1.0,10.0,57.14,28.57,14.29,42.11,10.53,47.37,"{'A': 0, 'C': 0, 'D': 0, 'E': 2, 'F': 0, 'G': 0, 'H': 1, 'I': 1, 'K': 0, 'L': 1, 'M': 1, 'N': 0, 'P': 0, 'Q': 0, 'R': 1, 'S': 0, 'T': 1, 'V': 1, 'W': 0, 'Y': 1}",0.98,"0 hours, 17 minutes, 14 seconds",,AIP_TNF,peptide_filters,default_4stage_multimer
AIP_TNF_l15_s408594,4stage,15,408594,-0.3,"A77,A82,A104,A108,A143,A145,A147",LTPEELDKKYGIKVY,"B1,B6,B10,B11,B12,B13,B14,B15",0.89,0.89,0.85,0.15,0.13,0.89,0.9,1,0,-45.63,0.38,0.75,0.58,-33.77,835.14,-4.04,77.25,75.0,8,4,50.0,0.0,0.0,28.57,0.0,71.43,53.33,0.0,46.67,"{'A': 0, 'C': 0, 'D': 0, 'E': 0, 'F': 0, 'G': 1, 'H': 0, 'I': 1, 'K': 1, 'L': 2, 'M': 0, 'N': 0, 'P': 0, 'Q': 0, 'R': 0, 'S': 0, 'T': 0, 'V': 1, 'W': 0, 'Y': 2}",0.98,"0 hours, 16 minutes, 34 seconds",,AIP_TNF,peptide_filters,default_4stage_multimer
AIP_TNF_l16_s552021,4stage,16,552021,-0.3,"A77,A82,A104,A108,A143,A145,A147",VINPANLDEYRRRHGI,"B1,B2,B3,B4,B5,B7,B8,B10,B11,B16",0.71,0.87,0.65,0.27,0.26,0.73,0.7,12,0,-32.83,0.47,0.68,0.56,-33.14,1028.08,-3.22,92.25,70.0,10,5,50.0,2.0,20.0,57.14,0.0,42.86,68.75,0.0,31.25,"{'A': 1, 'C': 0, 'D': 1, 'E': 0, 'F': 0, 'G': 0, 'H': 0, 'I': 2, 'K': 0, 'L': 1, 'M': 0, 'N': 1, 'P': 1, 'Q': 0, 'R': 1, 'S': 0, 'T': 0, 'V': 1, 'W': 0, 'Y': 1}",0.97,"0 hours, 16 minutes, 3 seconds",,AIP_TNF,peptide_filters,default_4stage_multimer
AIP_TNF_l17_s719673,4stage,17,719673,-0.3,"A77,A82,A104,A108,A143,A145,A147",VYTVEWDPERGGMQPVP,"B1,B2,B3,B4,B6,B12,B13,B14,B15",0.76,0.87,0.66,0.28,0.26,0.81,0.77,0,0,-47.18,0.65,0.7,0.54,-28.24,819.89,-3.44,63.85,66.67,9,2,22.22,1.0,11.11,0.0,60.0,40.0,0.0,58.82,41.18,"{'A': 0, 'C': 0, 'D': 0, 'E': 0, 'F': 0, 'G': 1, 'H': 0, 'I': 0, 'K': 0, 'L': 0, 'M': 1, 'N': 0, 'P': 1, 'Q': 1, 'R': 0, 'S': 0, 'T': 1, 'V': 2, 'W': 1, 'Y': 1}",0.96,"0 hours, 21 minutes, 50 seconds",,AIP_TNF,peptide_filters,default_4stage_multimer
AIP_TNF_l11_s264828,4stage,11,264828,-0.3,"A77,A82,A104,A108,A143,A145,A147",VYTVDDKGHIE,"B1,B2,B3,B4,B6,B7,B8,B9,B10",0.86,0.89,0.85,0.17,0.14,0.85,0,4,0,-29.96,0.45,0.76,0.7,-30.42,760.72,-4.0,83.73,44.44,9,2,22.22,1.0,11.11,0.0,0.0,100.0,0.0,0.0,100.0,"{'A': 0, 'C': 0, 'D': 1, 'E': 0, 'F': 0, 'G': 1, 'H': 1, 'I': 1, 'K': 1, 'L': 0, 'M': 0, 'N': 0, 'P': 0, 'Q': 0, 'R': 0, 'S': 0, 'T': 1, 'V': 2, 'W': 0, 'Y': 1}",1.0,"0 hours, 15 minutes, 58 seconds",,AIP_TNF,peptide_filters,default_4stage_multimer
AIP_TNF_l20_s340130,4stage,20,340130,-0.3,"A77,A82,A104,A108,A143,A145,A147",KKLTPWERHQKNPGEVITLP,"B4,B5,B6,B9,B15,B16,B17,B18,B19,B20",0.73,0.87,0.69,0.25,0.24,0.75,0.77,2,0,-42.35,0.44,0.7,0.6,-32.77,1100.12,-2.98,67.25,60.0,10,4,40.0,5.0,50.0,37.5,25.0,37.5,35.0,15.0,50.0,"{'A': 0, 'C': 0, 'D': 0, 'E': 1, 'F': 0, 'G': 0, 'H': 1, 'I': 1, 'K': 0, 'L': 1, 'M': 0, 'N': 0, 'P': 2, 'Q': 0, 'R': 0, 'S': 0, 'T': 2, 'V': 1, 'W': 1, 'Y': 0}",0.99,"0 hours, 17 minutes, 2 seconds",,AIP_TNF,peptide_filters,default_4stage_multimer
AIP_TNF_l17_s857092,4stage,17,857092,-0.3,"A77,A82,A104,A108,A143,A145,A147",MEVWKLAGPQGPMEEVP,"B1,B2,B3,B4,B5,B6,B9,B10,B13,B16",0.76,0.88,0.75,0.27,0.24,0.77,0.84,17,0,-37.49,0.71,0.68,0.58,-29.64,966.47,-3.07,80.4,70.0,10,2,20.0,3.0,30.0,0.0,54.55,45.45,0.0,47.06,52.94,"{'A': 0, 'C': 0, 'D': 0, 'E': 1, 'F': 0, 'G': 0, 'H': 0, 'I': 0, 'K': 1, 'L': 1, 'M': 2, 'N': 0, 'P': 1, 'Q': 1, 'R': 0, 'S': 0, 'T': 0, 'V': 2, 'W': 1, 'Y': 0}",1.0,"0 hours, 21 minutes, 55 seconds",,AIP_TNF,peptide_filters,default_4stage_multimer
AIP_TNF_l15_s391798,4stage,15,391798,-0.3,"A77,A82,A104,A108,A143,A145,A147",EMEVYNKQGKMTMVK,"B2,B3,B4,B5,B6,B7,B8,B14",0.83,0.88,0.75,0.25,0.23,0.85,0.86,0,0,-35.88,0.47,0.84,0.63,-25.43,873.92,-2.91,71.05,50.0,8,4,50.0,2.0,25.0,0.0,66.67,33.33,0.0,53.33,46.67,"{'A': 0, 'C': 0, 'D': 0, 'E': 1, 'F': 0, 'G': 0, 'H': 0, 'I': 0, 'K': 1, 'L': 0, 'M': 1, 'N': 1, 'P': 0, 'Q': 1, 'R': 0, 'S': 0, 'T': 0, 'V': 2, 'W': 0, 'Y': 1}",1.02,"0 hours, 21 minutes, 14 seconds",,AIP_TNF,peptide_filters,default_4stage_multimer
AIP_TNF_l18_s961740,4stage,18,961740,-0.3,"A77,A82,A104,A108,A143,A145,A147",AMPVWKYGEEGWQMVEVE,"B2,B3,B4,B5,B6,B7,B8,B9,B12,B15,B17",0.82,0.88,0.78,0.23,0.22,0.84,0.84,4,0,-49.54,0.67,0.75,0.53,-31.53,918.3,-3.43,60.41,72.73,11,2,18.18,0.0,0.0,0.0,100.0,0.0,0.0,77.78,22.22,"{'A': 0, 'C': 0, 'D': 0, 'E': 1, 'F': 0, 'G': 1, 'H': 0, 'I': 0, 'K': 1, 'L': 0, 'M': 1, 'N': 0, 'P': 1, 'Q': 0, 'R': 0, 'S': 0, 'T': 0, 'V': 3, 'W': 2, 'Y': 1}",1.0,"0 hours, 21 minutes, 10 seconds",,AIP_TNF,peptide_filters,default_4stage_multimer
AIP_TNF_l14_s127190,4stage,14,127190,-0.3,"A77,A82,A104,A108,A143,A145,A147",PVYRVNKKGEPVPV,"B1,B2,B3,B4,B5,B6,B7,B8,B9,B10,B11,B14",0.89,0.89,0.88,0.16,0.14,0.88,0.92,0,0,-51.25,0.64,0.71,0.59,-27.73,805.02,-3.44,74.57,50.0,12,2,16.67,1.0,8.33,0.0,44.44,55.56,0.0,50.0,50.0,"{'A': 0, 'C': 0, 'D': 0, 'E': 1, 'F': 0, 'G': 1, 'H': 0, 'I': 0, 'K': 2, 'L': 0, 'M': 0, 'N': 1, 'P': 2, 'Q': 0, 'R': 1, 'S': 0, 'T': 0, 'V': 3, 'W': 0, 'Y': 1}",1.01,"0 hours, 20 minutes, 13 seconds",,AIP_TNF,peptide_filters,default_4stage_multimer
AIP_TNF_l13_s689998,4stage,13,689998,-0.3,"A77,A82,A104,A108,A143,A145,A147",RVYTIEEWMQEHF,"B1,B2,B3,B4,B5,B6,B8,B9,B13",0.76,0.88,0.7,0.25,0.22,0.76,0.78,1,0,-20.37,0.38,0.69,0.59,-28.52,876.07,-3.26,90.55,66.67,9,3,33.33,2.0,22.22,42.86,28.57,28.57,61.54,15.38,23.08,"{'A': 0, 'C': 0, 'D': 0, 'E': 1, 'F': 1, 'G': 0, 'H': 0, 'I': 1, 'K': 0, 'L': 0, 'M': 1, 'N': 0, 'P': 0, 'Q': 0, 'R': 1, 'S': 0, 'T': 1, 'V': 1, 'W': 1, 'Y': 1}",1.02,"0 hours, 20 minutes, 53 seconds",,AIP_TNF,peptide_filters,default_4stage_multimer
AIP_TNF_l19_s410609,4stage,19,410609,-0.3,"A77,A82,A104,A108,A143,A145,A147",NKAMTLDEVVQRGEPVKMN,"B2,B3,B4,B5,B6,B7,B9,B10,B15,B16,B17,B18",0.83,0.89,0.83,0.19,0.17,0.87,0.91,2,0,-37.32,0.47,0.73,0.55,-46.32,1345.59,-3.44,85.12,66.67,12,5,41.67,1.0,8.33,36.36,0.0,63.64,36.84,0.0,63.16,"{'A': 1, 'C': 0, 'D': 1, 'E': 0, 'F': 0, 'G': 0, 'H': 0, 'I': 0, 'K': 2, 'L': 1, 'M': 2, 'N': 0, 'P': 1, 'Q': 0, 'R': 0, 'S': 0, 'T': 1, 'V': 3, 'W': 0, 'Y': 0}",0.97,"0 hours, 17 minutes, 30 seconds","Absorption value is 0.0, consider adding tryptophane to design.",AIP_TNF,peptide_filters,default_4stage_multimer
AIP_TNF_l18_s337292,4stage,18,337292,-0.3,"A77,A82,A104,A108,A143,A145,A147",RAYTLEEVMKIWNGQPVD,"B1,B2,B3,B4,B5,B6,B8,B9,B12",0.86,0.89,0.81,0.2,0.17,0.88,0.88,0,0,-45.91,0.57,0.71,0.62,-33.53,977.12,-3.43,76.3,66.67,9,4,44.44,0.0,0.0,42.86,28.57,28.57,44.44,11.11,44.44,"{'A': 1, 'C': 0, 'D': 0, 'E': 1, 'F': 0, 'G': 0, 'H': 0, 'I': 0, 'K': 0, 'L': 1, 'M': 1, 'N': 0, 'P': 0, 'Q': 0, 'R': 1, 'S': 0, 'T': 1, 'V': 1, 'W': 1, 'Y': 1}",0.95,"0 hours, 16 minutes, 40 seconds",,AIP_TNF,peptide_filters,default_4stage_multimer
AIP_TNF_l15_s145606,4stage,15,145606,-0.3,"A77,A82,A104,A108,A143,A145,A147",EYEEMPHGVKRYKLG,"B5,B6,B7,B9,B10,B11,B12,B14",0.81,0.88,0.81,0.22,0.2,0.82,0.85,5,0,-35.42,0.53,0.77,0.49,-33.27,1023.83,-3.25,85.87,62.5,8,3,37.5,2.0,25.0,25.0,37.5,37.5,20.0,40.0,40.0,"{'A': 0, 'C': 0, 'D': 0, 'E': 0, 'F': 0, 'G': 0, 'H': 1, 'I': 0, 'K': 1, 'L': 1, 'M': 1, 'N': 0, 'P': 1, 'Q': 0, 'R': 1, 'S': 0, 'T': 0, 'V': 1, 'W': 0, 'Y': 1}",1.0,"0 hours, 21 minutes, 3 seconds",,AIP_TNF,peptide_filters,default_4stage_multimer
AIP_TNF_l13_s932809,4stage,13,932809,-0.3,"A77,A82,A104,A108,A143,A145,A147",VYKLKNGQWVEMS,"B1,B2,B3,B4,B6,B7,B8,B9,B12",0.86,0.89,0.84,0.2,0.17,0.9,0.9,1,0,-30.19,0.54,0.78,0.61,-28.3,767.2,-3.69,68.76,55.56,9,2,22.22,3.0,33.33,0.0,60.0,40.0,0.0,61.54,38.46,"{'A': 0, 'C': 0, 'D': 0, 'E': 0, 'F': 0, 'G': 1, 'H': 0, 'I': 0, 'K': 1, 'L': 1, 'M': 1, 'N': 1, 'P': 0, 'Q': 1, 'R': 0, 'S': 0, 'T': 0, 'V': 1, 'W': 1, 'Y': 1}",0.84,"0 hours, 20 minutes, 36 seconds",,AIP_TNF,peptide_filters,default_4stage_multimer
AIP_TNF_l16_s309387,4stage,16,309387,-0.3,"A77,A82,A104,A108,A143,A145,A147",EAMRMEMNENGIYELV,"B3,B4,B5,B11,B12,B13,B14,B15",0.73,0.87,0.62,0.3,0.29,0.77,0.8,9,0,-39.1,0.56,0.71,0.61,-28.96,750.0,-3.86,56.07,62.5,8,2,25.0,1.0,12.5,0.0,57.14,42.86,0.0,37.5,62.5,"{'A': 0, 'C': 0, 'D': 0, 'E': 1, 'F': 0, 'G': 1, 'H': 0, 'I': 1, 'K': 0, 'L': 1, 'M': 2, 'N': 0, 'P': 0, 'Q': 0, 'R': 1, 'S': 0, 'T': 0, 'V': 0, 'W': 0, 'Y': 1}",0.99,"0 hours, 20 minutes, 3 seconds",,AIP_TNF,peptide_filters,default_4stage_multimer
AIP_TNF_l17_s147128,4stage,17,147128,-0.3,"A77,A82,A104,A108,A143,A145,A147",FPVWVYQNPRWKMTMVE,"B3,B4,B5,B6,B7,B8,B9,B11,B16",0.78,0.88,0.66,0.31,0.29,0.78,0.83,1,0,-33.65,0.59,0.72,0.62,-32.55,860.98,-3.78,56.21,77.78,9,3,33.33,1.0,11.11,0.0,57.14,42.86,0.0,58.82,41.18,"{'A': 0, 'C': 0, 'D': 0, 'E': 0, 'F': 0, 'G': 0, 'H': 0, 'I': 0, 'K': 0, 'L': 0, 'M': 0, 'N': 1, 'P': 1, 'Q': 1, 'R': 0, 'S': 0, 'T': 0, 'V': 3, 'W': 2, 'Y': 1}",0.95,"0 hours, 22 minutes, 2 seconds",,AIP_TNF,peptide_filters,default_4stage_multimer
